Pairs,N,A,C,G,U
NP,100000,100000,100000,100000,100000
NP,100000,100000,100000,100000,100000
NP,100000,100000,100000,100000,100000
NP,100000,100000,100000,100000,100000
NP,100000,100000,100000,100000,100000
CG,0,0,0,0,0
CG,0,0,0,0,0
CG,0,0,0,0,0
CG,0,0,0,0,0
CG,0,0,0,0,0
GC,0,0,0,0,0
GC,0,0,0,0,0
GC,0,0,0,0,0
GC,0,0,0,0,0
GC,0,0,0,0,0
GU,500,500,500,500,500
GU,500,500,500,500,500
GU,500,500,500,500,500
GU,500,500,500,500,500
GU,500,500,500,500,500
UG,500,500,500,500,500
UG,500,500,500,500,500
UG,500,500,500,500,500
UG,500,500,500,500,500
UG,500,500,500,500,500
AU,500,500,500,500,500
AU,500,500,500,500,500
AU,500,500,500,500,500
AU,500,500,500,500,500
AU,500,500,500,500,500
UA,500,500,500,500,500
UA,500,500,500,500,500
UA,500,500,500,500,500
UA,500,500,500,500,500
UA,500,500,500,500,500
NN,500,500,500,500,500
NN,500,500,500,500,500
NN,500,500,500,500,500
NN,500,500,500,500,500
NN,500,500,500,500,500
